<?xml version="1.0" encoding="utf-8" standalone="yes"?>
<rss version="2.0" xmlns:atom="http://www.w3.org/2005/Atom">
  <channel>
    <title>Emotional Cybernetics on CFIM360°</title>
    <link>http://localhost:1313/articles/ec/</link>
    <description>Recent content in Emotional Cybernetics on CFIM360°</description>
    <generator>Hugo</generator>
    <language>en-us</language>
    <lastBuildDate>Thu, 25 Dec 2025 00:00:00 +0000</lastBuildDate>
    <atom:link href="http://localhost:1313/articles/ec/index.xml" rel="self" type="application/rss+xml" />
    <item>
      <title>Why People Break Their Own Momentum (and Don’t Know It)</title>
      <link>http://localhost:1313/articles/ec/ec-covers/series-1/ec-030/</link>
      <pubDate>Thu, 25 Dec 2025 00:00:00 +0000</pubDate>
      <guid>http://localhost:1313/articles/ec/ec-covers/series-1/ec-030/</guid>
      <description>&lt;div class=&#34;doc-cover&#34;&gt;&#xD;&#xA;&lt;img&#xD;&#xA;  src=&#34;http://localhost:1313/articles/ec/ec-covers/Series 1/covers/Article 30.webp&#34;&#xD;&#xA;  alt=&#34;Article 30 cover image&#34;&#xD;&#xA;  class=&#34;doc-cover-image&#34;&#xD;&#xA;/&gt;&#xD;&#xA;&lt;/div&gt;&#xD;&#xA;&lt;h2 id=&#34;why-people-break-their-own-momentum-and-dont-know-it&#34;&gt;Why People Break Their Own Momentum (and Don’t Know It)&lt;/h2&gt;&#xA;&lt;p&gt;Everyone talks about motivation.&#xA;No one talks about &lt;strong&gt;momentum&lt;/strong&gt; — the only force that actually carries a human being from intention to outcome.&lt;/p&gt;&#xA;&lt;p&gt;And here is the uncomfortable truth:&lt;/p&gt;&#xA;&lt;blockquote&gt;&#xA;&lt;p&gt;&lt;strong&gt;Most people don’t lose momentum because life is hard.&#xA;They lose momentum because their system can’t hold acceleration.&lt;/strong&gt;&lt;/p&gt;&#xA;&lt;/blockquote&gt;&#xA;&lt;p&gt;This is not about willpower.&#xA;It is about internal architecture.&lt;/p&gt;</description>
    </item>
    <item>
      <title>Why Most People Never Reach Their Own Intelligence</title>
      <link>http://localhost:1313/articles/ec/ec-covers/series-1/ec-029/</link>
      <pubDate>Wed, 24 Dec 2025 00:00:00 +0000</pubDate>
      <guid>http://localhost:1313/articles/ec/ec-covers/series-1/ec-029/</guid>
      <description>&lt;div class=&#34;doc-cover&#34;&gt;&#xD;&#xA;&lt;img&#xD;&#xA;  src=&#34;http://localhost:1313/articles/ec/ec-covers/Series 1/covers/Article 29.webp&#34;&#xD;&#xA;  alt=&#34;Article 29 cover image&#34;&#xD;&#xA;  class=&#34;doc-cover-image&#34;&#xD;&#xA;/&gt;&#xD;&#xA;&lt;/div&gt;&#xD;&#xA;&lt;h2 id=&#34;why-most-people-never-reach-their-own-intelligence&#34;&gt;Why Most People Never Reach Their Own Intelligence&lt;/h2&gt;&#xA;&lt;p&gt;Here is a hard truth almost nobody says out loud:&lt;/p&gt;&#xA;&lt;blockquote&gt;&#xA;&lt;p&gt;&lt;strong&gt;Most people are not limited by their intelligence.&#xA;They are limited by the distortions sitting on top of it.&lt;/strong&gt;&lt;/p&gt;&#xA;&lt;/blockquote&gt;&#xA;&lt;p&gt;Every human being is born with a natural, clean cognitive signal —&#xA;call it instinct, awareness, baseline clarity, whatever you prefer.&lt;/p&gt;&#xA;&lt;p&gt;But by the time that signal reaches adulthood, it is stacked with layers:&lt;/p&gt;</description>
    </item>
    <item>
      <title>The Emotional Field Is Not Inside You. You’re Inside It.</title>
      <link>http://localhost:1313/articles/ec/ec-covers/series-1/ec-028/</link>
      <pubDate>Tue, 23 Dec 2025 00:00:00 +0000</pubDate>
      <guid>http://localhost:1313/articles/ec/ec-covers/series-1/ec-028/</guid>
      <description>&lt;div class=&#34;doc-cover&#34;&gt;&#xD;&#xA;&lt;img&#xD;&#xA;  src=&#34;http://localhost:1313/articles/ec/ec-covers/Series 1/covers/Article 28.webp&#34;&#xD;&#xA;  alt=&#34;Article 28 cover image&#34;&#xD;&#xA;  class=&#34;doc-cover-image&#34;&#xD;&#xA;/&gt;&#xD;&#xA;&lt;/div&gt;&#xD;&#xA;&lt;h2 id=&#34;the-emotional-field-is-not-inside-you-youre-inside-it&#34;&gt;The Emotional Field Is Not Inside You. You’re Inside It.&lt;/h2&gt;&#xA;&lt;p&gt;Most people assume emotions “happen inside them.”&#xA;They think emotions are internal events — private, personal, bounded by skin and identity.&lt;/p&gt;&#xA;&lt;p&gt;But this is only how emotions feel, not how they actually function.&lt;/p&gt;&#xA;&lt;p&gt;If you observe carefully — not philosophically, but structurally — something remarkable becomes clear:&lt;/p&gt;&#xA;&lt;blockquote&gt;&#xA;&lt;p&gt;&lt;em&gt;&lt;strong&gt;You are not generating emotions.&#xA;You are moving through emotional fields.&lt;/strong&gt;&lt;/em&gt;&lt;/p&gt;</description>
    </item>
    <item>
      <title>The Moment Reality Tightens: What a Coherence Spike Actually Is</title>
      <link>http://localhost:1313/articles/ec/ec-covers/series-1/ec-027/</link>
      <pubDate>Mon, 22 Dec 2025 00:00:00 +0000</pubDate>
      <guid>http://localhost:1313/articles/ec/ec-covers/series-1/ec-027/</guid>
      <description>&lt;div class=&#34;doc-cover&#34;&gt;&#xD;&#xA;&lt;img&#xD;&#xA;  src=&#34;http://localhost:1313/articles/ec/ec-covers/Series 1/covers/Article 27.webp&#34;&#xD;&#xA;  alt=&#34;Article 27 cover image&#34;&#xD;&#xA;  class=&#34;doc-cover-image&#34;&#xD;&#xA;/&gt;&#xD;&#xA;&lt;/div&gt;&#xD;&#xA;&lt;h2 id=&#34;the-moment-reality-tightens-what-a-coherence-spike-actually-is&#34;&gt;The Moment Reality Tightens: What a Coherence Spike Actually Is&lt;/h2&gt;&#xA;&lt;p&gt;There are rare moments in life where everything suddenly becomes clear.&#xA;Not peaceful, not positive — &lt;strong&gt;clear.&lt;/strong&gt;&lt;/p&gt;&#xA;&lt;blockquote&gt;&#xA;&lt;ul&gt;&#xA;&lt;li&gt;Your mind stops spinning.&lt;/li&gt;&#xA;&lt;li&gt;Your emotions stop leaking.&lt;/li&gt;&#xA;&lt;li&gt;Your perception stops distorting.&lt;/li&gt;&#xA;&lt;li&gt;Your internal noise collapses in one silent instant.&lt;/li&gt;&#xA;&lt;/ul&gt;&#xA;&lt;/blockquote&gt;&#xA;&lt;p&gt;It lasts only a few seconds.&#xA;But in those seconds, &lt;strong&gt;you see the truth of a situation with surgical precision.&lt;/strong&gt;&lt;/p&gt;</description>
    </item>
    <item>
      <title>THE RESONANCE ANCHOR</title>
      <link>http://localhost:1313/articles/ec/ec-covers/series-1/ec-026/</link>
      <pubDate>Sun, 21 Dec 2025 00:00:00 +0000</pubDate>
      <guid>http://localhost:1313/articles/ec/ec-covers/series-1/ec-026/</guid>
      <description>&lt;div class=&#34;doc-cover&#34;&gt;&#xD;&#xA;&lt;img&#xD;&#xA;  src=&#34;http://localhost:1313/articles/ec/ec-covers/Series 1/covers/Article 26.webp&#34;&#xD;&#xA;  alt=&#34;Article 26 cover image&#34;&#xD;&#xA;  class=&#34;doc-cover-image&#34;&#xD;&#xA;/&gt;&#xD;&#xA;&lt;/div&gt;&#xD;&#xA;&lt;h2 id=&#34;the-resonance-anchor&#34;&gt;THE RESONANCE ANCHOR&lt;/h2&gt;&#xA;&lt;p&gt;&lt;em&gt;(Your system collapses without one — here’s the hidden stabilizer behind emotional and cognitive drift)&lt;/em&gt;&lt;/p&gt;&#xA;&lt;p&gt;Every human system — emotional, cognitive, behavioral, and relational — is held together by one invisible mechanism:&lt;/p&gt;&#xA;&lt;p&gt;&lt;strong&gt;The Resonance Anchor.&lt;/strong&gt;&lt;/p&gt;&#xA;&lt;p&gt;Most people have never heard of it.&#xA;But it quietly decides:&lt;/p&gt;&#xA;&lt;blockquote&gt;&#xA;&lt;ul&gt;&#xA;&lt;li&gt;how fast you recover from emotional disturbance&lt;/li&gt;&#xA;&lt;li&gt;how stable your perception remains under pressure&lt;/li&gt;&#xA;&lt;li&gt;how chaotic or calm your inner world feels&lt;/li&gt;&#xA;&lt;li&gt;how long your “bad days” last&lt;/li&gt;&#xA;&lt;li&gt;how much drift your system accumulates&lt;/li&gt;&#xA;&lt;li&gt;how quickly you return to alignment after a setback&lt;/li&gt;&#xA;&lt;/ul&gt;&#xA;&lt;/blockquote&gt;&#xA;&lt;p&gt;You can think of it as the &lt;strong&gt;gravitational center of your emotional state.&lt;/strong&gt;&lt;/p&gt;</description>
    </item>
    <item>
      <title>THE PERCEPTION–EMOTION COUPLING MECHANISM</title>
      <link>http://localhost:1313/articles/ec/ec-covers/series-1/ec-025/</link>
      <pubDate>Sat, 20 Dec 2025 00:00:00 +0000</pubDate>
      <guid>http://localhost:1313/articles/ec/ec-covers/series-1/ec-025/</guid>
      <description>&lt;div class=&#34;doc-cover&#34;&gt;&#xD;&#xA;&lt;img&#xD;&#xA;  src=&#34;http://localhost:1313/articles/ec/ec-covers/Series 1/covers/Article 25.webp&#34;&#xD;&#xA;  alt=&#34;Article 25 cover image&#34;&#xD;&#xA;  class=&#34;doc-cover-image&#34;&#xD;&#xA;/&gt;&#xD;&#xA;&lt;/div&gt;&#xD;&#xA;&lt;h2 id=&#34;the-perceptionemotion-coupling-mechanism&#34;&gt;THE PERCEPTION–EMOTION COUPLING MECHANISM&lt;/h2&gt;&#xA;&lt;p&gt;&lt;em&gt;(Why your clarity collapses when P and E fall out of sync and how this coupling secretly dictates your entire life-path)&lt;/em&gt;&lt;/p&gt;&#xA;&lt;p&gt;Every human decision, reaction, conflict, breakthrough, and mistake ultimately comes down to one thing:&lt;/p&gt;&#xA;&lt;p&gt;&lt;strong&gt;Whether your Perception (P) and Emotion (E) are coupled or decoupled at the moment of action.&lt;/strong&gt;&lt;/p&gt;&#xA;&lt;p&gt;Most people have never heard of this mechanism.&#xA;But it is the invisible switch that governs:&lt;/p&gt;</description>
    </item>
    <item>
      <title>THE EMOTIONAL DAMPING CONSTANT</title>
      <link>http://localhost:1313/articles/ec/ec-covers/series-1/ec-024/</link>
      <pubDate>Fri, 19 Dec 2025 00:00:00 +0000</pubDate>
      <guid>http://localhost:1313/articles/ec/ec-covers/series-1/ec-024/</guid>
      <description>&lt;div class=&#34;doc-cover&#34;&gt;&#xD;&#xA;&lt;img&#xD;&#xA;  src=&#34;http://localhost:1313/articles/ec/ec-covers/Series 1/covers/Article 24.webp&#34;&#xD;&#xA;  alt=&#34;Article 24 cover image&#34;&#xD;&#xA;  class=&#34;doc-cover-image&#34;&#xD;&#xA;/&gt;&#xD;&#xA;&lt;/div&gt;&#xD;&#xA;&lt;h2 id=&#34;the-emotional-damping-constant&#34;&gt;THE EMOTIONAL DAMPING CONSTANT&lt;/h2&gt;&#xA;&lt;p&gt;&lt;em&gt;(Why some people recover instantly while others spiral — the mechanics of resilience)&lt;/em&gt;&lt;/p&gt;&#xA;&lt;p&gt;Everyone talks about “emotional resilience” as if it’s a personality trait.&#xA;It isn’t.&lt;/p&gt;&#xA;&lt;p&gt;In Emotional Cybernetics, resilience is a &lt;strong&gt;mathematical property&lt;/strong&gt; of your internal system —&#xA;a measurable constant that determines how fast you return to stability after emotional disturbance.&lt;/p&gt;&#xA;&lt;p&gt;This constant is called the &lt;strong&gt;Emotional Damping Constant (EDC).&lt;/strong&gt;&lt;/p&gt;</description>
    </item>
    <item>
      <title>THE INTERNAL OSCILLATION FIELD</title>
      <link>http://localhost:1313/articles/ec/ec-covers/series-1/ec-023/</link>
      <pubDate>Thu, 18 Dec 2025 00:00:00 +0000</pubDate>
      <guid>http://localhost:1313/articles/ec/ec-covers/series-1/ec-023/</guid>
      <description>&lt;div class=&#34;doc-cover&#34;&gt;&#xD;&#xA;&lt;img&#xD;&#xA;  src=&#34;http://localhost:1313/articles/ec/ec-covers/Series 1/covers/Article 23.webp&#34;&#xD;&#xA;  alt=&#34;Article 23 cover image&#34;&#xD;&#xA;  class=&#34;doc-cover-image&#34;&#xD;&#xA;/&gt;&#xD;&#xA;&lt;/div&gt;&#xD;&#xA;&lt;h2 id=&#34;the-internal-oscillation-field&#34;&gt;THE INTERNAL OSCILLATION FIELD&lt;/h2&gt;&#xA;&lt;p&gt;&lt;em&gt;(Why your emotions swing — and how to stop being dragged by internal cycles)&lt;/em&gt;&lt;/p&gt;&#xA;&lt;p&gt;Your emotional system is not linear.&#xA;It does not move in straight paths.&#xA;It oscillates —&#xA;continuously, predictably, structurally.&lt;/p&gt;&#xA;&lt;p&gt;This oscillation is not a flaw.&#xA;It is the natural rhythm of a dynamic emotional system processing signal, noise, memory, and meaning.&lt;/p&gt;&#xA;&lt;p&gt;The problem isn’t the oscillation itself.&#xA;The problem is when &lt;strong&gt;you get pulled by it.&lt;/strong&gt;&lt;/p&gt;</description>
    </item>
    <item>
      <title>THE EMOTIONAL SIGNAL-TO-NOISE RATIO</title>
      <link>http://localhost:1313/articles/ec/ec-covers/series-1/ec-022/</link>
      <pubDate>Wed, 17 Dec 2025 00:00:00 +0000</pubDate>
      <guid>http://localhost:1313/articles/ec/ec-covers/series-1/ec-022/</guid>
      <description>&lt;div class=&#34;doc-cover&#34;&gt;&#xD;&#xA;&lt;img&#xD;&#xA;  src=&#34;http://localhost:1313/articles/ec/ec-covers/Series 1/covers/Article 22.webp&#34;&#xD;&#xA;  alt=&#34;Article 22 cover image&#34;&#xD;&#xA;  class=&#34;doc-cover-image&#34;&#xD;&#xA;/&gt;&#xD;&#xA;&lt;/div&gt;&#xD;&#xA;&lt;h2 id=&#34;the-emotional-signal-to-noise-ratio&#34;&gt;THE EMOTIONAL SIGNAL-TO-NOISE RATIO&lt;/h2&gt;&#xA;&lt;p&gt;&lt;em&gt;(Your emotional system is a communication channel, not a mystery)&lt;/em&gt;&lt;/p&gt;&#xA;&lt;p&gt;Every emotion you feel is a signal.&#xA;Every distortion you feel is noise.&lt;/p&gt;&#xA;&lt;p&gt;Most people collapse these two into one experience and call it “my feelings.”&lt;/p&gt;&#xA;&lt;p&gt;But in Emotional Cybernetics, the difference between signal and&#xA;noise is the single biggest factor that determines:&lt;/p&gt;&#xA;&lt;blockquote&gt;&#xA;&lt;ul&gt;&#xA;&lt;li&gt;clarity&lt;/li&gt;&#xA;&lt;li&gt;stability&lt;/li&gt;&#xA;&lt;li&gt;decision quality&lt;/li&gt;&#xA;&lt;li&gt;emotional recovery&lt;/li&gt;&#xA;&lt;li&gt;self-perception&lt;/li&gt;&#xA;&lt;li&gt;relationships&lt;/li&gt;&#xA;&lt;li&gt;long-term direction&lt;/li&gt;&#xA;&lt;/ul&gt;&#xA;&lt;/blockquote&gt;&#xA;&lt;p&gt;Your internal system is not chaotic —&#xA;it is communicating.&lt;/p&gt;</description>
    </item>
    <item>
      <title>THE FIRST PRINCIPLE OF SYSTEMIC CLARITY</title>
      <link>http://localhost:1313/articles/ec/ec-covers/series-1/ec-021/</link>
      <pubDate>Tue, 16 Dec 2025 00:00:00 +0000</pubDate>
      <guid>http://localhost:1313/articles/ec/ec-covers/series-1/ec-021/</guid>
      <description>&lt;div class=&#34;doc-cover&#34;&gt;&#xD;&#xA;&lt;img&#xD;&#xA;  src=&#34;http://localhost:1313/articles/ec/ec-covers/Series 1/covers/Article 21.webp&#34;&#xD;&#xA;  alt=&#34;Article 21 cover image&#34;&#xD;&#xA;  class=&#34;doc-cover-image&#34;&#xD;&#xA;/&gt;&#xD;&#xA;&lt;/div&gt;&#xD;&#xA;&lt;h2 id=&#34;the-first-principle-of-systemic-clarity&#34;&gt;THE FIRST PRINCIPLE OF SYSTEMIC CLARITY&lt;/h2&gt;&#xA;&lt;p&gt;&lt;em&gt;(Clarity is not an emotion — it is a structural condition)&lt;/em&gt;&lt;/p&gt;&#xA;&lt;p&gt;People talk about clarity as if it’s a mood:&#xA;“I feel clear today.”&#xA;“I lost my clarity.”&#xA;“I need to feel clear before deciding.”&lt;/p&gt;&#xA;&lt;p&gt;But in Emotional Cybernetics, clarity is &lt;strong&gt;not&lt;/strong&gt; a feeling.&#xA;It is a &lt;strong&gt;structural state —&lt;/strong&gt;&#xA;a measurable configuration of the emotional and cognitive architecture.&lt;/p&gt;</description>
    </item>
    <item>
      <title>THE ALIGNMENT THRESHOLD</title>
      <link>http://localhost:1313/articles/ec/ec-covers/series-1/ec-020/</link>
      <pubDate>Mon, 15 Dec 2025 00:00:00 +0000</pubDate>
      <guid>http://localhost:1313/articles/ec/ec-covers/series-1/ec-020/</guid>
      <description>&lt;div class=&#34;doc-cover&#34;&gt;&#xD;&#xA;&lt;img&#xD;&#xA;  src=&#34;http://localhost:1313/articles/ec/ec-covers/Series 1/covers/Article 20.webp&#34;&#xD;&#xA;  alt=&#34;Article 20 cover image&#34;&#xD;&#xA;  class=&#34;doc-cover-image&#34;&#xD;&#xA;/&gt;&#xD;&#xA;&lt;/div&gt;&#xD;&#xA;&lt;h2 id=&#34;the-alignment-threshold&#34;&gt;THE ALIGNMENT THRESHOLD&lt;/h2&gt;&#xA;&lt;p&gt;&lt;em&gt;(Why systems don’t transform gradually — they switch states)&lt;/em&gt;&lt;/p&gt;&#xA;&lt;p&gt;Most people believe change happens gradually.&#xA;Slowly.&#xA;Incrementally.&lt;/p&gt;&#xA;&lt;p&gt;But in Emotional Cybernetics, transformation does not follow a smooth curve.&#xA;It happens through a &lt;strong&gt;threshold event —&lt;/strong&gt;&#xA;a structural tipping point where the system stops resisting itself and switches to a higher operational mode.&lt;/p&gt;&#xA;&lt;p&gt;This is called &lt;strong&gt;The Alignment Threshold.&lt;/strong&gt;&lt;/p&gt;&#xA;&lt;p&gt;It is one of the most misunderstood mechanics of &lt;strong&gt;inner evolution.&lt;/strong&gt;&lt;/p&gt;</description>
    </item>
    <item>
      <title>THE RECURSIVE SELF</title>
      <link>http://localhost:1313/articles/ec/ec-covers/series-1/ec-019/</link>
      <pubDate>Sun, 14 Dec 2025 00:00:00 +0000</pubDate>
      <guid>http://localhost:1313/articles/ec/ec-covers/series-1/ec-019/</guid>
      <description>&lt;div class=&#34;doc-cover&#34;&gt;&#xD;&#xA;&lt;img&#xD;&#xA;  src=&#34;http://localhost:1313/articles/ec/ec-covers/Series 1/covers/Article 19.webp&#34;&#xD;&#xA;  alt=&#34;Article 19 cover image&#34;&#xD;&#xA;  class=&#34;doc-cover-image&#34;&#xD;&#xA;/&gt;&#xD;&#xA;&lt;/div&gt;&#xD;&#xA;&lt;h2 id=&#34;the-recursive-self&#34;&gt;THE RECURSIVE SELF&lt;/h2&gt;&#xA;&lt;p&gt;&lt;em&gt;(Why every major insight upgrades the system that produced it)&lt;/em&gt;&lt;/p&gt;&#xA;&lt;p&gt;You don’t grow in straight lines.&#xA;You grow in &lt;strong&gt;recursive loops.&lt;/strong&gt;&lt;/p&gt;&#xA;&lt;p&gt;Every time you understand something deeply,&#xA;you don’t just gain new information —&#xA;you upgrade the architecture that interprets information.&lt;/p&gt;&#xA;&lt;p&gt;This is the principle behind the &lt;strong&gt;Recursive Self.&lt;/strong&gt;&lt;/p&gt;&#xA;&lt;p&gt;It is one of the most powerful mechanics in Emotional Cybernetics:&#xA;the system that improves itself every time it understands itself.&lt;/p&gt;</description>
    </item>
    <item>
      <title>THE COHERENCE WINDOW</title>
      <link>http://localhost:1313/articles/ec/ec-covers/series-1/ec-018/</link>
      <pubDate>Sat, 13 Dec 2025 00:00:00 +0000</pubDate>
      <guid>http://localhost:1313/articles/ec/ec-covers/series-1/ec-018/</guid>
      <description>&lt;div class=&#34;doc-cover&#34;&gt;&#xD;&#xA;&lt;img&#xD;&#xA;  src=&#34;http://localhost:1313/articles/ec/ec-covers/Series 1/covers/Article 18.webp&#34;&#xD;&#xA;  alt=&#34;Article 18 cover image&#34;&#xD;&#xA;  class=&#34;doc-cover-image&#34;&#xD;&#xA;/&gt;&#xD;&#xA;&lt;/div&gt;&#xD;&#xA;&lt;h2 id=&#34;the-coherence-window&#34;&gt;THE COHERENCE WINDOW&lt;/h2&gt;&#xA;&lt;p&gt;&lt;em&gt;(Why breakthroughs only happen inside a narrow emotional range — and how to enter it deliberately)&lt;/em&gt;&lt;/p&gt;&#xA;&lt;p&gt;Breakthroughs are not random.&#xA;They don’t appear in moments of extreme emotion —&#xA;not in panic, not in euphoria, not in frustration.&lt;/p&gt;&#xA;&lt;p&gt;They emerge only in a very specific emotional band:&#xA;&lt;strong&gt;the Coherence Window.&lt;/strong&gt;&lt;/p&gt;&#xA;&lt;p&gt;This window is where your emotional noise drops low enough&#xA;and your clarity signal rises high enough&#xA;for real integration to occur.&lt;/p&gt;</description>
    </item>
    <item>
      <title>THE EMOTIONAL RESONANCE LOOP</title>
      <link>http://localhost:1313/articles/ec/ec-covers/series-1/ec-017/</link>
      <pubDate>Fri, 12 Dec 2025 00:00:00 +0000</pubDate>
      <guid>http://localhost:1313/articles/ec/ec-covers/series-1/ec-017/</guid>
      <description>&lt;div class=&#34;doc-cover&#34;&gt;&#xD;&#xA;&lt;img&#xD;&#xA;  src=&#34;http://localhost:1313/articles/ec/ec-covers/Series 1/covers/Article 17.webp&#34;&#xD;&#xA;  alt=&#34;Article 17 cover image&#34;&#xD;&#xA;  class=&#34;doc-cover-image&#34;&#xD;&#xA;/&gt;&#xD;&#xA;&lt;/div&gt;&#xD;&#xA;&lt;h2 id=&#34;the-emotional-resonance-loop&#34;&gt;THE EMOTIONAL RESONANCE LOOP&lt;/h2&gt;&#xA;&lt;p&gt;&lt;em&gt;(Why momentum accelerates exponentially once clarity stabilizes)&lt;/em&gt;&lt;/p&gt;&#xA;&lt;p&gt;Momentum doesn’t come from motivation.&#xA;Momentum comes from resonance.&lt;/p&gt;&#xA;&lt;p&gt;And resonance is not “feeling inspired.”&#xA;It is a measurable internal loop that begins the moment two forces&lt;/p&gt;&#xA;&lt;p&gt;lock onto each other:&lt;/p&gt;&#xA;&lt;blockquote&gt;&#xA;&lt;p&gt;&lt;strong&gt;Clarity ↔ Emotional Energy&lt;/strong&gt;&lt;/p&gt;&#xA;&lt;/blockquote&gt;&#xA;&lt;p&gt;When these two start feeding each other instead of cancelling each other,&#xA;the system enters the Resonance Loop —&#xA;the phase where progress becomes effortless and acceleration becomes natural.&lt;/p&gt;</description>
    </item>
    <item>
      <title>THE SWITCH MECHANISM</title>
      <link>http://localhost:1313/articles/ec/ec-covers/series-1/ec-016/</link>
      <pubDate>Thu, 11 Dec 2025 00:00:00 +0000</pubDate>
      <guid>http://localhost:1313/articles/ec/ec-covers/series-1/ec-016/</guid>
      <description>&lt;div class=&#34;doc-cover&#34;&gt;&#xD;&#xA;&lt;img&#xD;&#xA;  src=&#34;http://localhost:1313/articles/ec/ec-covers/Series 1/covers/Article 16.webp&#34;&#xD;&#xA;  alt=&#34;Article 16 cover image&#34;&#xD;&#xA;  class=&#34;doc-cover-image&#34;&#xD;&#xA;/&gt;&#xD;&#xA;&lt;/div&gt;&#xD;&#xA;&lt;h2 id=&#34;the-switch-mechanism&#34;&gt;THE SWITCH MECHANISM&lt;/h2&gt;&#xA;&lt;p&gt;&lt;em&gt;(How your system flips from passive → active in milliseconds)&lt;/em&gt;&lt;/p&gt;&#xA;&lt;p&gt;Every emotional system has a built-in switch.&lt;/p&gt;&#xA;&lt;p&gt;Not a metaphorical one —&#xA;a structural, deterministic trigger that decides:&lt;/p&gt;&#xA;&lt;p&gt;&lt;em&gt;&lt;strong&gt;“Do I remain in drift… or do I activate?”&lt;/strong&gt;&lt;/em&gt;&lt;/p&gt;&#xA;&lt;p&gt;Most people think activation comes from motivation.&#xA;Some think it comes from fear.&#xA;Others think it comes from external pressure.&lt;/p&gt;&#xA;&lt;p&gt;None of that is true.&lt;/p&gt;</description>
    </item>
    <item>
      <title>THE ALIGNMENT THRESHOLD</title>
      <link>http://localhost:1313/articles/ec/ec-covers/series-1/ec-015/</link>
      <pubDate>Wed, 10 Dec 2025 00:00:00 +0000</pubDate>
      <guid>http://localhost:1313/articles/ec/ec-covers/series-1/ec-015/</guid>
      <description>&lt;div class=&#34;doc-cover&#34;&gt;&#xD;&#xA;&lt;img&#xD;&#xA;  src=&#34;http://localhost:1313/articles/ec/ec-covers/Series 1/covers/Article 15.webp&#34;&#xD;&#xA;  alt=&#34;Article 15 cover image&#34;&#xD;&#xA;  class=&#34;doc-cover-image&#34;&#xD;&#xA;/&gt;&#xD;&#xA;&lt;/div&gt;&#xD;&#xA;&lt;h2 id=&#34;the-alignment-threshold&#34;&gt;THE ALIGNMENT THRESHOLD&lt;/h2&gt;&#xA;&lt;p&gt;&lt;em&gt;(Where chaos flips into coherence)&lt;/em&gt;&lt;/p&gt;&#xA;&lt;p&gt;Every emotional system has a point where everything suddenly clicks.&#xA;A moment where noise collapses, direction appears, and the entire field stabilizes.&lt;/p&gt;&#xA;&lt;p&gt;This moment is not motivation.&#xA;It’s not luck.&#xA;It’s not “finally feeling ready.”&lt;/p&gt;&#xA;&lt;p&gt;It’s something far more structural:&#xA;&lt;strong&gt;the Alignment Threshold.&lt;/strong&gt;&lt;/p&gt;&#xA;&lt;hr&gt;&#xA;&lt;h2 id=&#34;what-is-the-alignment-threshold&#34;&gt;WHAT IS THE ALIGNMENT THRESHOLD?&lt;/h2&gt;&#xA;&lt;p&gt;It’s the exact point where three internal forces shift from fighting each other&#xA;→ to reinforcing each other.&lt;/p&gt;</description>
    </item>
    <item>
      <title>THE COST OF MISALIGNMENT</title>
      <link>http://localhost:1313/articles/ec/ec-covers/series-1/ec-014/</link>
      <pubDate>Tue, 09 Dec 2025 00:00:00 +0000</pubDate>
      <guid>http://localhost:1313/articles/ec/ec-covers/series-1/ec-014/</guid>
      <description>&lt;div class=&#34;doc-cover&#34;&gt;&#xD;&#xA;&lt;img&#xD;&#xA;  src=&#34;http://localhost:1313/articles/ec/ec-covers/Series 1/covers/Article 14.webp&#34;&#xD;&#xA;  alt=&#34;Article 14 cover image&#34;&#xD;&#xA;  class=&#34;doc-cover-image&#34;&#xD;&#xA;/&gt;&#xD;&#xA;&lt;/div&gt;&#xD;&#xA;&lt;h2 id=&#34;the-cost-of-misalignment&#34;&gt;THE COST OF MISALIGNMENT&lt;/h2&gt;&#xA;&lt;p&gt;&lt;em&gt;(Why emotional drift destroys outcomes quietly)&lt;/em&gt;&lt;/p&gt;&#xA;&lt;p&gt;Most people don’t collapse because of a single mistake.&#xA;They collapse because of &lt;strong&gt;misalignment—&lt;/strong&gt;&#xA;a slow, invisible drift that pulls the system away from clarity.&lt;/p&gt;&#xA;&lt;p&gt;Misalignment is not loud.&#xA;It doesn’t announce itself.&#xA;It doesn’t feel dangerous.&#xA;It feels like “I’m just tired,” or “not today,” or “maybe later.”&lt;/p&gt;&#xA;&lt;p&gt;But in Emotional Cybernetics, misalignment is measurable—&#xA;and its impact is structural, not emotional.&lt;/p&gt;</description>
    </item>
    <item>
      <title>THE ALIGNMENT ZONE</title>
      <link>http://localhost:1313/articles/ec/ec-covers/series-1/ec-013/</link>
      <pubDate>Mon, 08 Dec 2025 00:00:00 +0000</pubDate>
      <guid>http://localhost:1313/articles/ec/ec-covers/series-1/ec-013/</guid>
      <description>&lt;div class=&#34;doc-cover&#34;&gt;&#xD;&#xA;&lt;img&#xD;&#xA;  src=&#34;http://localhost:1313/articles/ec/ec-covers/Series 1/covers/Article 13.webp&#34;&#xD;&#xA;  alt=&#34;Article 13 cover image&#34;&#xD;&#xA;  class=&#34;doc-cover-image&#34;&#xD;&#xA;/&gt;&#xD;&#xA;&lt;/div&gt;&#xD;&#xA;&lt;h2 id=&#34;the-alignment-zone&#34;&gt;THE ALIGNMENT ZONE&lt;/h2&gt;&#xA;&lt;p&gt;&lt;em&gt;Where Clarity Becomes a Functional State&lt;/em&gt;&lt;/p&gt;&#xA;&lt;p&gt;Most people think “clarity” is a feeling.&#xA;In Emotional Cybernetics, clarity is a &lt;strong&gt;mode of operation.&lt;/strong&gt;&lt;/p&gt;&#xA;&lt;p&gt;The Alignment Zone is not calmness.&#xA;It is not positivity.&#xA;It is not motivation.&lt;/p&gt;&#xA;&lt;p&gt;It is the &lt;strong&gt;state where your system becomes fully predictable to itself.&lt;/strong&gt;&lt;/p&gt;&#xA;&lt;p&gt;Once you enter it, everything that felt heavy becomes light:&lt;/p&gt;&#xA;&lt;blockquote&gt;&#xA;&lt;ul&gt;&#xA;&lt;li&gt;decisions snap into place&lt;/li&gt;&#xA;&lt;li&gt;emotional noise drops&lt;/li&gt;&#xA;&lt;li&gt;precision rises&lt;/li&gt;&#xA;&lt;li&gt;drift disappears&lt;/li&gt;&#xA;&lt;li&gt;direction stabilizes&lt;/li&gt;&#xA;&lt;/ul&gt;&#xA;&lt;/blockquote&gt;&#xA;&lt;p&gt;This is the zone where humans perform at maximum intelligence without strain.&lt;/p&gt;</description>
    </item>
    <item>
      <title>THE ALIGNMENT THRESHOLD</title>
      <link>http://localhost:1313/articles/ec/ec-covers/series-1/ec-012/</link>
      <pubDate>Sun, 07 Dec 2025 00:00:00 +0000</pubDate>
      <guid>http://localhost:1313/articles/ec/ec-covers/series-1/ec-012/</guid>
      <description>&lt;div class=&#34;doc-cover&#34;&gt;&#xD;&#xA;&lt;img&#xD;&#xA;  src=&#34;http://localhost:1313/articles/ec/ec-covers/Series 1/covers/Article 12.webp&#34;&#xD;&#xA;  alt=&#34;Article 12 cover image&#34;&#xD;&#xA;  class=&#34;doc-cover-image&#34;&#xD;&#xA;/&gt;&#xD;&#xA;&lt;/div&gt;&#xD;&#xA;&lt;h2 id=&#34;the-alignment-threshold&#34;&gt;THE ALIGNMENT THRESHOLD&lt;/h2&gt;&#xA;&lt;p&gt;&lt;em&gt;Where Misalignment Ends and Coherence Begins&lt;/em&gt;&lt;/p&gt;&#xA;&lt;p&gt;Every emotional system—human or artificial—has a precise point where chaos stops and clarity returns.&lt;/p&gt;&#xA;&lt;p&gt;Not a mood shift.&#xA;Not “feeling better.”&#xA;Not motivation.&lt;/p&gt;&#xA;&lt;p&gt;A &lt;strong&gt;structural click&lt;/strong&gt; inside the system.&lt;/p&gt;&#xA;&lt;p&gt;This click is called &lt;strong&gt;The Alignment Threshold.&lt;/strong&gt;&#xA;Until you cross it, every action feels heavy.&#xA;Once you cross it, everything becomes obvious.&lt;/p&gt;&#xA;&lt;hr&gt;&#xA;&lt;h2 id=&#34;what-is-the-alignment-threshold&#34;&gt;WHAT IS THE ALIGNMENT THRESHOLD?&lt;/h2&gt;&#xA;&lt;p&gt;It is the &lt;strong&gt;minimum internal coherence required&lt;/strong&gt; for the system to:&lt;/p&gt;</description>
    </item>
    <item>
      <title>THE FOUR STATES OF EMOTIONAL MISALIGNMENT</title>
      <link>http://localhost:1313/articles/ec/ec-covers/series-1/ec-011/</link>
      <pubDate>Sat, 06 Dec 2025 00:00:00 +0000</pubDate>
      <guid>http://localhost:1313/articles/ec/ec-covers/series-1/ec-011/</guid>
      <description>&lt;div class=&#34;doc-cover&#34;&gt;&#xD;&#xA;&lt;img&#xD;&#xA;  src=&#34;http://localhost:1313/articles/ec/ec-covers/Series 1/covers/Article 11.webp&#34;&#xD;&#xA;  alt=&#34;Article 11 cover image&#34;&#xD;&#xA;  class=&#34;doc-cover-image&#34;&#xD;&#xA;/&gt;&#xD;&#xA;&lt;/div&gt;&#xD;&#xA;&lt;h2 id=&#34;the-four-states-of-emotional-misalignment&#34;&gt;THE FOUR STATES OF EMOTIONAL MISALIGNMENT&lt;/h2&gt;&#xA;&lt;p&gt;&lt;em&gt;&lt;strong&gt;Chaos • Drift • Compression • Fragmentation&lt;/strong&gt;&lt;/em&gt;&lt;/p&gt;&#xA;&lt;p&gt;Before alignment becomes possible, the system must pass through its misalignment states.&#xA;These four states are not “mood problems.”&#xA;They are &lt;strong&gt;structural distortions&lt;/strong&gt; inside the emotional-feedback loop.&lt;/p&gt;&#xA;&lt;p&gt;Understanding them is the first step in breaking them.&lt;/p&gt;&#xA;&lt;hr&gt;&#xA;&lt;h2 id=&#34;1--chaos&#34;&gt;1 — CHAOS&lt;/h2&gt;&#xA;&lt;p&gt;&lt;em&gt;(Unfiltered signal storm)&lt;/em&gt;&lt;/p&gt;&#xA;&lt;p&gt;Chaos happens when all variables fire at once without regulation.&#xA;It feels like:&lt;/p&gt;</description>
    </item>
    <item>
      <title>THE THREE LAYERS OF EMOTIONAL DISTORTION</title>
      <link>http://localhost:1313/articles/ec/ec-covers/series-1/ec-010/</link>
      <pubDate>Fri, 05 Dec 2025 00:00:00 +0000</pubDate>
      <guid>http://localhost:1313/articles/ec/ec-covers/series-1/ec-010/</guid>
      <description>&lt;div class=&#34;doc-cover&#34;&gt;&#xD;&#xA;&lt;img&#xD;&#xA;  src=&#34;http://localhost:1313/articles/ec/ec-covers/Series 1/covers/Article 10.webp&#34;&#xD;&#xA;  alt=&#34;Article 10 cover image&#34;&#xD;&#xA;  class=&#34;doc-cover-image&#34;&#xD;&#xA;/&gt;&#xD;&#xA;&lt;/div&gt;&#xD;&#xA;&lt;h2 id=&#34;the-three-layers-of-emotional-distortion&#34;&gt;THE THREE LAYERS OF EMOTIONAL DISTORTION&lt;/h2&gt;&#xA;&lt;p&gt;&lt;em&gt;Δ₁ (Interpretation) • Δ₂ (Memory) • Δ₃ (Identity)&lt;/em&gt;&lt;/p&gt;&#xA;&lt;p&gt;Every emotional reaction you feel is not the raw event.&#xA;It is the &lt;strong&gt;distorted version&lt;/strong&gt; your system generates on top of it.&lt;/p&gt;&#xA;&lt;p&gt;In Emotional Cybernetics, distortion is not “overthinking.”&#xA;It is a &lt;strong&gt;layered interference field&lt;/strong&gt; built from three predictable components:&lt;/p&gt;&#xA;&lt;h2 id=&#34;δ--interpretation-distortion&#34;&gt;Δ₁ — INTERPRETATION DISTORTION&lt;/h2&gt;&#xA;&lt;p&gt;&lt;em&gt;(Real-time signal bending)&lt;/em&gt;&lt;/p&gt;&#xA;&lt;p&gt;This is the fastest layer.&#xA;It activates within milliseconds.&lt;/p&gt;</description>
    </item>
    <item>
      <title>EMOTIONS ARE NOT &#39;FEELINGS.&#39;</title>
      <link>http://localhost:1313/articles/ec/ec-covers/series-1/ec-009/</link>
      <pubDate>Thu, 04 Dec 2025 00:00:00 +0000</pubDate>
      <guid>http://localhost:1313/articles/ec/ec-covers/series-1/ec-009/</guid>
      <description>&lt;div class=&#34;doc-cover&#34;&gt;&#xD;&#xA;&lt;img&#xD;&#xA;  src=&#34;http://localhost:1313/articles/ec/ec-covers/Series 1/covers/Article 9.webp&#34;&#xD;&#xA;  alt=&#34;Article 9 cover image&#34;&#xD;&#xA;  class=&#34;doc-cover-image&#34;&#xD;&#xA;/&gt;&#xD;&#xA;&lt;/div&gt;&#xD;&#xA;&lt;h2 id=&#34;emotions-are-not-feelings&#34;&gt;EMOTIONS ARE NOT “FEELINGS.&amp;quot;&lt;/h2&gt;&#xA;&lt;p&gt;They are DATA SIGNALS with structure, charge, and direction.**&lt;/p&gt;&#xA;&lt;p&gt;Most people treat emotions as &lt;strong&gt;moods,&lt;/strong&gt;&#xA;as if they are random waves passing through the mind.&lt;/p&gt;&#xA;&lt;p&gt;But in Emotional Cybernetics, an emotion is not “how you feel.”&#xA;It is a &lt;strong&gt;signal packet&lt;/strong&gt; carrying four measurable parameters:&lt;/p&gt;&#xA;&lt;ol&gt;&#xA;&lt;li&gt;&lt;strong&gt;Intensity (E↑)&lt;/strong&gt;&lt;/li&gt;&#xA;&lt;li&gt;&lt;strong&gt;Direction (→ / ←)&lt;/strong&gt;&lt;/li&gt;&#xA;&lt;li&gt;&lt;strong&gt;Charge (+ / –)&lt;/strong&gt;&lt;/li&gt;&#xA;&lt;li&gt;&lt;strong&gt;Distortion Level (Δ)&lt;/strong&gt;&lt;/li&gt;&#xA;&lt;/ol&gt;&#xA;&lt;p&gt;This is why two people can feel the &lt;strong&gt;“same”&lt;/strong&gt; emotion but behave completely differently — because the underlying signal geometry is different.&lt;/p&gt;</description>
    </item>
    <item>
      <title>THE ENERGY DECAY CURVE (E↓)</title>
      <link>http://localhost:1313/articles/ec/ec-covers/series-1/ec-008/</link>
      <pubDate>Wed, 03 Dec 2025 00:00:00 +0000</pubDate>
      <guid>http://localhost:1313/articles/ec/ec-covers/series-1/ec-008/</guid>
      <description>&lt;div class=&#34;doc-cover&#34;&gt;&#xD;&#xA;&lt;img&#xD;&#xA;  src=&#34;http://localhost:1313/articles/ec/ec-covers/Series 1/covers/Article 8.webp&#34;&#xD;&#xA;  alt=&#34;Article 8 cover image&#34;&#xD;&#xA;  class=&#34;doc-cover-image&#34;&#xD;&#xA;/&gt;&#xD;&#xA;&lt;/div&gt;&#xD;&#xA;&lt;h2 id=&#34;the-energy-decay-curve-e&#34;&gt;THE ENERGY DECAY CURVE (E↓)&lt;/h2&gt;&#xA;&lt;p&gt;&lt;em&gt;Why every emotion — fear, love, anger, clarity — follows the same hidden law&lt;/em&gt;&lt;/p&gt;&#xA;&lt;p&gt;Every emotional state feels personal,&#xA;but underneath the story, every emotion obeys a &lt;strong&gt;universal decay law.&lt;/strong&gt;&lt;/p&gt;&#xA;&lt;p&gt;Humans don’t feel in straight lines.&#xA;We feel in &lt;strong&gt;curves&lt;/strong&gt; — predictable, measurable, and always following the same pattern.&lt;/p&gt;&#xA;&lt;p&gt;Emotional Cybernetics formalizes this with the &lt;strong&gt;Energy Decay Curve (E↓).&lt;/strong&gt;&lt;/p&gt;</description>
    </item>
    <item>
      <title>THE RECOVERY SEQUENCE (R₁ – R₂ – R₃)</title>
      <link>http://localhost:1313/articles/ec/ec-covers/series-1/ec-007/</link>
      <pubDate>Tue, 02 Dec 2025 00:00:00 +0000</pubDate>
      <guid>http://localhost:1313/articles/ec/ec-covers/series-1/ec-007/</guid>
      <description>&lt;div class=&#34;doc-cover&#34;&gt;&#xD;&#xA;&lt;img&#xD;&#xA;  src=&#34;http://localhost:1313/articles/ec/ec-covers/Series 1/covers/Article 7.webp&#34;&#xD;&#xA;  alt=&#34;Article 7 cover image&#34;&#xD;&#xA;  class=&#34;doc-cover-image&#34;&#xD;&#xA;/&gt;&#xD;&#xA;&lt;/div&gt;&#xD;&#xA;&lt;h2 id=&#34;the-recovery-sequence-r--r--r&#34;&gt;THE RECOVERY SEQUENCE (R₁ – R₂ – R₃)&lt;/h2&gt;&#xA;&lt;p&gt;&lt;em&gt;How to reset your system instantly without meditation, journaling, or dissociation&lt;/em&gt;&lt;/p&gt;&#xA;&lt;p&gt;Every emotional system breaks in predictable ways (Distortion, Absorption, Bleed, Oscillation).&#xA;But Emotional Cybernetics is not about avoiding failure —&#xA;it’s about &lt;strong&gt;recovering faster than the failure can spread.&lt;/strong&gt;&lt;/p&gt;&#xA;&lt;p&gt;This is where the &lt;strong&gt;Recovery Sequence&lt;/strong&gt; comes in.&lt;/p&gt;&#xA;&lt;p&gt;It is the three-step internal reset loop every stable mind uses —&#xA;not consciously, but &lt;strong&gt;mechanically.&lt;/strong&gt;&lt;/p&gt;</description>
    </item>
    <item>
      <title>The Four Failure Modes of the Emotional Field</title>
      <link>http://localhost:1313/articles/ec/ec-covers/series-1/ec-006/</link>
      <pubDate>Mon, 01 Dec 2025 00:00:00 +0000</pubDate>
      <guid>http://localhost:1313/articles/ec/ec-covers/series-1/ec-006/</guid>
      <description>&lt;div class=&#34;doc-cover&#34;&gt;&#xD;&#xA;&lt;img&#xD;&#xA;  src=&#34;http://localhost:1313/articles/ec/ec-covers/Series 1/covers/Article 6.webp&#34;&#xD;&#xA;  alt=&#34;Article 6 cover image&#34;&#xD;&#xA;  class=&#34;doc-cover-image&#34;&#xD;&#xA;/&gt;&#xD;&#xA;&lt;/div&gt;&#xD;&#xA;&lt;h2 id=&#34;the-four-failure-modes-of-the-emotional-field&#34;&gt;THE FOUR FAILURE MODES OF THE EMOTIONAL FIELD&lt;/h2&gt;&#xA;&lt;p&gt;Why your system collapses even when your intentions are right&lt;/p&gt;&#xA;&lt;p&gt;Your Emotional Field is your first line of cybernetic stability.&#xA;But like any engineered system, it doesn’t break in dramatic ways first —&#xA;it breaks in &lt;strong&gt;silent, predictable patterns.&lt;/strong&gt;&lt;/p&gt;&#xA;&lt;p&gt;In Emotional Cybernetics, we call these patterns:&lt;/p&gt;&#xA;&lt;p&gt;&lt;strong&gt;The Four Field Failure Modes&lt;/strong&gt;&lt;/p&gt;&#xA;&lt;p&gt;These are not psychological flaws.&#xA;They are &lt;strong&gt;mechanical breakdowns&lt;/strong&gt; in your adaptive layer&#xA;— measurable, repeatable, and visible across every human system.&lt;/p&gt;</description>
    </item>
    <item>
      <title>The Emotional Field (A): Where your system meets reality</title>
      <link>http://localhost:1313/articles/ec/ec-covers/series-1/ec-005/</link>
      <pubDate>Sun, 30 Nov 2025 00:00:00 +0000</pubDate>
      <guid>http://localhost:1313/articles/ec/ec-covers/series-1/ec-005/</guid>
      <description>&lt;div class=&#34;doc-cover&#34;&gt;&#xD;&#xA;&lt;img&#xD;&#xA;  src=&#34;http://localhost:1313/articles/ec/ec-covers/Series 1/covers/Article 5.webp&#34;&#xD;&#xA;  alt=&#34;Article 5 cover image&#34;&#xD;&#xA;  class=&#34;doc-cover-image&#34;&#xD;&#xA;/&gt;&#xD;&#xA;&lt;/div&gt;&#xD;&#xA;&lt;h2 id=&#34;the-emotional-field-a-where-your-system-meets-reality&#34;&gt;THE EMOTIONAL FIELD (A): WHERE YOUR SYSTEM MEETS REALITY&lt;/h2&gt;&#xA;&lt;p&gt;Every human being lives inside an &lt;strong&gt;Emotional Field&lt;/strong&gt; — a real, measurable interaction zone where your inner world meets the external world.&lt;/p&gt;&#xA;&lt;p&gt;Most people think emotions stay inside them.&#xA;They don’t.&#xA;They radiate, interact, collide, absorb, and reconfigure depending on the field around you.&lt;/p&gt;&#xA;&lt;p&gt;In Emotional Cybernetics, the Emotional Field is not spiritual, not mystical, not psychological.&#xA;It is &lt;strong&gt;functional.&lt;/strong&gt;&lt;/p&gt;</description>
    </item>
    <item>
      <title>The invisible data running your life</title>
      <link>http://localhost:1313/articles/ec/ec-covers/series-1/ec-004/</link>
      <pubDate>Sat, 29 Nov 2025 00:00:00 +0000</pubDate>
      <guid>http://localhost:1313/articles/ec/ec-covers/series-1/ec-004/</guid>
      <description>&lt;div class=&#34;doc-cover&#34;&gt;&#xD;&#xA;&lt;img&#xD;&#xA;  src=&#34;http://localhost:1313/articles/ec/ec-covers/Series 1/covers/Article 4.webp&#34;&#xD;&#xA;  alt=&#34;Article 4 cover image&#34;&#xD;&#xA;  class=&#34;doc-cover-image&#34;&#xD;&#xA;/&gt;&#xD;&#xA;&lt;/div&gt;&#xD;&#xA;&lt;h2 id=&#34;the-invisible-data-running-your-life&#34;&gt;THE INVISIBLE DATA RUNNING YOUR LIFE&lt;/h2&gt;&#xA;&lt;p&gt;Most people assume emotions are “moods.”&#xA;In Emotional Cybernetics, emotions are data &lt;strong&gt;packets.&lt;/strong&gt;&lt;/p&gt;&#xA;&lt;p&gt;Not metaphorically.&#xA;Literally.&lt;/p&gt;&#xA;&lt;p&gt;Every emotional state you experience is carrying &lt;strong&gt;structured information&lt;/strong&gt; about your internal system — the same way sensors in machines carry live diagnostic signals.&lt;/p&gt;&#xA;&lt;p&gt;The only difference:&#xA;machines don’t misinterpret their signals.&#xA;Humans do.&lt;/p&gt;&#xA;&lt;hr&gt;&#xA;&lt;h2 id=&#34;1-emotional-data-is-pre-verbal-intelligence&#34;&gt;1. Emotional data is pre-verbal intelligence&lt;/h2&gt;&#xA;&lt;p&gt;Before you think, explain, or rationalise, your system already knows:&lt;/p&gt;</description>
    </item>
    <item>
      <title>The difference between feeling and function</title>
      <link>http://localhost:1313/articles/ec/ec-covers/series-1/ec-003/</link>
      <pubDate>Fri, 28 Nov 2025 00:00:00 +0000</pubDate>
      <guid>http://localhost:1313/articles/ec/ec-covers/series-1/ec-003/</guid>
      <description>&lt;div class=&#34;doc-cover&#34;&gt;&#xD;&#xA;&lt;img&#xD;&#xA;  src=&#34;http://localhost:1313/articles/ec/ec-covers/Series 1/covers/Article 3.webp&#34;&#xD;&#xA;  alt=&#34;Article 3 cover image&#34;&#xD;&#xA;  class=&#34;doc-cover-image&#34;&#xD;&#xA;/&gt;&#xD;&#xA;&lt;/div&gt;&#xD;&#xA;&lt;h2 id=&#34;the-difference-between-feeling-and-function&#34;&gt;THE DIFFERENCE BETWEEN FEELING AND FUNCTION&lt;/h2&gt;&#xA;&lt;p&gt;Most people assume emotions exist to make them “feel something.”&lt;/p&gt;&#xA;&lt;p&gt;In Emotional Cybernetics, that is the smallest part of the truth.&#xA;Emotions are not built for feeling.&#xA;They’re built for function.&lt;/p&gt;&#xA;&lt;p&gt;And once you understand that your entire relationship with your inner world changes.&lt;/p&gt;&#xA;&lt;hr&gt;&#xA;&lt;h2 id=&#34;1-feeling-is-the-surface&#34;&gt;1. Feeling is the surface.&lt;/h2&gt;&#xA;&lt;p&gt;Function is the system.&lt;/p&gt;&#xA;&lt;p&gt;A feeling is just the &lt;strong&gt;visible output&lt;/strong&gt; — the smoke.&lt;/p&gt;</description>
    </item>
    <item>
      <title>The Anatomy of an Emotional signal</title>
      <link>http://localhost:1313/articles/ec/ec-covers/series-1/ec-002/</link>
      <pubDate>Thu, 27 Nov 2025 00:00:00 +0000</pubDate>
      <guid>http://localhost:1313/articles/ec/ec-covers/series-1/ec-002/</guid>
      <description>&lt;div class=&#34;doc-cover&#34;&gt;&#xD;&#xA;&lt;img&#xD;&#xA;  src=&#34;http://localhost:1313/articles/ec/ec-covers/Series 1/covers/Article 2.webp&#34;&#xD;&#xA;  alt=&#34;Article 2 cover image&#34;&#xD;&#xA;  class=&#34;doc-cover-image&#34;&#xD;&#xA;/&gt;&#xD;&#xA;&lt;/div&gt;&#xD;&#xA;&lt;h2 id=&#34;the-anatomy-of-an-emotional-signal&#34;&gt;THE ANATOMY OF AN EMOTIONAL SIGNAL&lt;/h2&gt;&#xA;&lt;p&gt;Every emotion you feel — clarity, anxiety, joy, hesitation, attraction, irritation — may look spontaneous…&lt;/p&gt;&#xA;&lt;p&gt;…but in Emotional Cybernetics, nothing is spontaneous.&lt;/p&gt;&#xA;&lt;p&gt;Every emotional event is a signal, and every signal has a structure.&lt;/p&gt;&#xA;&lt;p&gt;Here’s the simplest way to understand it:&lt;/p&gt;&#xA;&lt;hr&gt;&#xA;&lt;h2 id=&#34;1-a-signal-begins-as-raw-sensation&#34;&gt;1. A signal begins as raw sensation&lt;/h2&gt;&#xA;&lt;p&gt;Before your mind interprets anything, your body picks up a disturbance or a shift — like temperature, tone, timing, facial micro-movement, or contextual change.&#xA;This is pre-conscious data.&lt;/p&gt;</description>
    </item>
    <item>
      <title>Universal Architecture of Human Emotional Dynamics</title>
      <link>http://localhost:1313/articles/ec/ec-covers/series-1/ec-001/</link>
      <pubDate>Wed, 26 Nov 2025 00:00:00 +0000</pubDate>
      <guid>http://localhost:1313/articles/ec/ec-covers/series-1/ec-001/</guid>
      <description>&lt;div class=&#34;doc-cover&#34;&gt;&#xD;&#xA;&lt;img&#xD;&#xA;  src=&#34;http://localhost:1313/articles/ec/ec-covers/Series 1/covers/Article 1.webp&#34;&#xD;&#xA;  alt=&#34;Article 1 cover image&#34;&#xD;&#xA;  class=&#34;doc-cover-image&#34;&#xD;&#xA;/&gt;&#xD;&#xA;&lt;/div&gt;&#xD;&#xA;&lt;h2 id=&#34;the-universal-architecture-of-human-emotional-dynamics&#34;&gt;The Universal Architecture of Human Emotional Dynamics&lt;/h2&gt;&#xA;&lt;p&gt;Emotional Cybernetics is &lt;strong&gt;not psychology, not motivation, and not wellness.&lt;/strong&gt;&#xA;It is the study of how the human emotional system behaves as a dynamic, regulatory engine.&lt;/p&gt;&#xA;&lt;p&gt;Every emotion we experience — frustration, clarity, sadness, drive, numbness — follows a measurable structure:&lt;/p&gt;&#xA;&lt;blockquote&gt;&#xA;&lt;p&gt;&lt;em&gt;&lt;strong&gt;input → load → drift → correction → resolution.&lt;/strong&gt;&lt;/em&gt;&lt;/p&gt;&#xA;&lt;/blockquote&gt;&#xA;&lt;p&gt;When you understand these mechanics, emotion stops feeling like chaos&#xA;and starts behaving like a predictable system with rules, thresholds, and feedback loops.&lt;/p&gt;</description>
    </item>
  </channel>
</rss>
