<?xml version="1.0" encoding="utf-8" standalone="yes"?>
<rss version="2.0" xmlns:atom="http://www.w3.org/2005/Atom">
  <channel>
    <title>Cognitive Cybernetics on CFIM360°</title>
    <link>http://localhost:1313/articles/cc/</link>
    <description>Recent content in Cognitive Cybernetics on CFIM360°</description>
    <generator>Hugo</generator>
    <language>en-us</language>
    <atom:link href="http://localhost:1313/articles/cc/index.xml" rel="self" type="application/rss+xml" />
    <item>
      <title>Cognitive Article 001</title>
      <link>http://localhost:1313/articles/cc/cc-001/</link>
      <pubDate>Mon, 01 Jan 0001 00:00:00 +0000</pubDate>
      <guid>http://localhost:1313/articles/cc/cc-001/</guid>
      <description>&lt;h2 id=&#34;status&#34;&gt;Status&lt;/h2&gt;&#xA;&lt;p&gt;No article is currently present at this address.&lt;/p&gt;&#xA;&lt;p&gt;This page is reserved for a published articulation when a concept reaches internal closure and can be expressed without distortion.&lt;/p&gt;&#xA;&lt;hr&gt;&#xA;&lt;h2 id=&#34;reading-note&#34;&gt;Reading Note&lt;/h2&gt;&#xA;&lt;p&gt;CFIM360° does not publish articles to maintain cadence or visibility.&lt;/p&gt;&#xA;&lt;p&gt;Articles appear only when clarity is complete.&lt;/p&gt;&#xA;&lt;p&gt;Until then, this page remains intentionally minimal.&lt;/p&gt;&#xA;&lt;hr&gt;</description>
    </item>
  </channel>
</rss>
