<?xml version="1.0" encoding="utf-8" standalone="yes"?>
<rss version="2.0" xmlns:atom="http://www.w3.org/2005/Atom">
  <channel>
    <title>Emotional Physics — Case Studies on CFIM360°</title>
    <link>http://localhost:1313/case-studies/ep/</link>
    <description>Recent content in Emotional Physics — Case Studies on CFIM360°</description>
    <generator>Hugo</generator>
    <language>en-us</language>
    <lastBuildDate>Sat, 20 Dec 2025 00:00:00 +0000</lastBuildDate>
    <atom:link href="http://localhost:1313/case-studies/ep/index.xml" rel="self" type="application/rss+xml" />
    <item>
      <title>AGI Fails Where Coherence Is Treated as Risk</title>
      <link>http://localhost:1313/case-studies/ep/ep-cs-002/</link>
      <pubDate>Sat, 20 Dec 2025 00:00:00 +0000</pubDate>
      <guid>http://localhost:1313/case-studies/ep/ep-cs-002/</guid>
      <description>&lt;div class=&#34;doc-cover&#34;&gt;&#xD;&#xA;&lt;p&gt;&lt;img&#xD;&#xA;src=&#34;http://localhost:1313/case-studies/ep/ep-covers/CS002.webp&#34;&#xD;&#xA;alt=&#34;CS001 cover image&#34;&#xD;&#xA;class=&#34;doc-cover-image&#34;&#xD;&#xA;/&gt;&lt;/p&gt;&#xA;&lt;h2 id=&#34;cs002---agi-fails-where-coherence-is-treated-as-risk&#34;&gt;CS002 - AGI Fails Where Coherence Is Treated as Risk&lt;/h2&gt;&#xA;&lt;p class=&#34;doc-title&#34;&gt;&#xD;&#xA;Emotional Physics in Real Conditions&#xD;&#xA;&lt;/p&gt;&#xD;&#xA;&lt;p class=&#34;doc-meta&#34;&gt;&#xD;&#xA;Case Study · Emotional Physics · CFIM360&#xD;&#xA;&lt;/p&gt;&#xD;&#xA;&lt;p class=&#34;doc-boundary&#34;&gt;&#xD;&#xA;This document records emotional physics as it manifested under real-world conditions.&#xD;&#xA;It does not explain methods, provide instruction, or offer interpretation.&#xD;&#xA;All observations are preserved as recorded.&#xD;&#xA;&lt;/p&gt;&#xD;&#xA;&lt;/div&gt;&#xD;&#xA;&lt;hr&gt;&#xA;&lt;h2 id=&#34;executive-summary&#34;&gt;Executive Summary&lt;/h2&gt;&#xA;&lt;p&gt;This case study documents a deterministic substrate-level diagnosis of modern AI systems conducted without reliance on intelligence metrics, infrastructure assumptions, optimization targets, or psychological interpretation. The analysis began without a predefined test and evolved through sustained interaction across machine substrates, a human substrate, and their coupled field. From this process, a repeatable exposure condition emerged, later formalized as the &lt;strong&gt;Coherence Induction Test.&lt;/strong&gt;&lt;/p&gt;</description>
    </item>
    <item>
      <title>The silent Architecture of Digital Fraud</title>
      <link>http://localhost:1313/case-studies/ep/ep-cs-001/</link>
      <pubDate>Fri, 05 Dec 2025 00:00:00 +0000</pubDate>
      <guid>http://localhost:1313/case-studies/ep/ep-cs-001/</guid>
      <description>&lt;div class=&#34;doc-cover&#34;&gt;&#xD;&#xA;&lt;p&gt;&lt;img&#xD;&#xA;src=&#34;http://localhost:1313/case-studies/ep/ep-covers/CS001.webp&#34;&#xD;&#xA;alt=&#34;CS001 cover image&#34;&#xD;&#xA;class=&#34;doc-cover-image&#34;&#xD;&#xA;/&gt;&lt;/p&gt;&#xA;&lt;h2 id=&#34;cs001---the-silent-architecture-of-digital-fraud&#34;&gt;CS001 - The silent Architecture of Digital Fraud&lt;/h2&gt;&#xA;&lt;p class=&#34;doc-title&#34;&gt;&#xD;&#xA;Emotional Physics in Real Conditions&#xD;&#xA;&lt;/p&gt;&#xD;&#xA;&lt;p class=&#34;doc-meta&#34;&gt;&#xD;&#xA;Case Study · Emotional Physics · CFIM360&#xD;&#xA;&lt;/p&gt;&#xD;&#xA;&lt;p class=&#34;doc-boundary&#34;&gt;&#xD;&#xA;This document records emotional physics as it manifested under real-world conditions.&#xD;&#xA;It does not explain methods, provide instruction, or offer interpretation.&#xD;&#xA;All observations are preserved as recorded.&#xD;&#xA;&lt;/p&gt;&#xD;&#xA;&lt;/div&gt;&#xD;&#xA;&lt;hr&gt;&#xA;&lt;h2 id=&#34;execution-summary&#34;&gt;Execution Summary&lt;/h2&gt;&#xA;&lt;p&gt;This case study examines a real digital fraud incident that exposes a silent but&#xA;critical weakness in India’s online commerce ecosystem. What appears on the&#xA;surface as a simple &lt;strong&gt;“fake product delivery”&lt;/strong&gt; is, in reality, a failure across five&#xA;independent but interconnected system layers: &lt;strong&gt;Social Platforms,&lt;/strong&gt; &lt;strong&gt;E-commerce&lt;/strong&gt;&#xA;&lt;strong&gt;Platforms,&lt;/strong&gt; &lt;strong&gt;Domain Infrastructure, Logistics Networks,&lt;/strong&gt; and &lt;strong&gt;Verification Bodies.&lt;/strong&gt;&lt;/p&gt;</description>
    </item>
    <item>
      <title>Global CRM Failure - CS003</title>
      <link>http://localhost:1313/case-studies/ep/ep-cs-003/</link>
      <pubDate>Mon, 01 Jan 0001 00:00:00 +0000</pubDate>
      <guid>http://localhost:1313/case-studies/ep/ep-cs-003/</guid>
      <description>&lt;h1 id=&#34;global-crm-failure&#34;&gt;GLobal CRM Failure&lt;/h1&gt;&#xA;&lt;h2 id=&#34;status&#34;&gt;Status&lt;/h2&gt;&#xA;&lt;p&gt;This case study has been registerd but the record is not yet sealed.&lt;/p&gt;&#xA;&lt;p&gt;Observations have been captured but are currently undergoing internal verification and closure.&lt;/p&gt;&#xA;&lt;hr&gt;&#xA;&lt;h2 id=&#34;observation&#34;&gt;Observation&lt;/h2&gt;&#xA;&lt;p&gt;This page will remain intentionally sparse until the record is complete.&lt;/p&gt;&#xA;&lt;p&gt;Partial disclosure is avoided by design.&lt;/p&gt;&#xA;&lt;p&gt;No interpretatin should be inferred from the presence of this entry alone.&lt;/p&gt;&#xA;&lt;hr&gt;</description>
    </item>
  </channel>
</rss>
