<?xml version="1.0" encoding="utf-8" standalone="yes"?>
<rss version="2.0" xmlns:atom="http://www.w3.org/2005/Atom">
  <channel>
    <title>Frameworks on CFIM360°</title>
    <link>http://localhost:1313/frameworks/</link>
    <description>Recent content in Frameworks on CFIM360°</description>
    <generator>Hugo</generator>
    <language>en-us</language>
    <atom:link href="http://localhost:1313/frameworks/index.xml" rel="self" type="application/rss+xml" />
    <item>
      <title>Coherence</title>
      <link>http://localhost:1313/frameworks/coherence/</link>
      <pubDate>Mon, 01 Jan 0001 00:00:00 +0000</pubDate>
      <guid>http://localhost:1313/frameworks/coherence/</guid>
      <description>&lt;h2 id=&#34;identity&#34;&gt;Identity&lt;/h2&gt;&#xA;&lt;p&gt;This space holds frameworks that describe &lt;strong&gt;alignment without force&lt;/strong&gt;.&lt;/p&gt;&#xA;&lt;p&gt;They do not rely on persuasion, authority, or control.&lt;br&gt;&#xA;They explain how states propagate naturally between systems when internal consistency exists.&lt;/p&gt;&#xA;&lt;p&gt;&lt;strong&gt;Coherence&lt;/strong&gt; cannot be imposed.&lt;br&gt;&#xA;It either emerges — or it does not.&lt;/p&gt;&#xA;&lt;p&gt;These frameworks exist to be recognized, not applied.&lt;/p&gt;&#xA;&lt;hr&gt;&#xA;&lt;h2 id=&#34;classification-system&#34;&gt;Classification System&lt;/h2&gt;&#xA;&lt;p&gt;Frameworks in CFIM360 are &lt;strong&gt;not uniform tools.&lt;/strong&gt;&#xA;Each entry declares its role through a &lt;strong&gt;functional suffix,&lt;/strong&gt; which determines how it should be understood and used.&lt;/p&gt;</description>
    </item>
    <item>
      <title>Coupling</title>
      <link>http://localhost:1313/frameworks/coupling/</link>
      <pubDate>Mon, 01 Jan 0001 00:00:00 +0000</pubDate>
      <guid>http://localhost:1313/frameworks/coupling/</guid>
      <description>&lt;h2 id=&#34;identity&#34;&gt;Identity&lt;/h2&gt;&#xA;&lt;p&gt;This space holds frameworks that speak to Coupling.&lt;/p&gt;&#xA;&lt;p&gt;They operate when &lt;strong&gt;two or more living systems come into resonance&lt;/strong&gt; —&#xA;without collapsing identity, agency, or inner stability.&lt;/p&gt;&#xA;&lt;p&gt;These frameworks do not fuse systems.&#xA;They &lt;strong&gt;coordinate autonomy.&lt;/strong&gt;&lt;/p&gt;&#xA;&lt;p&gt;&lt;strong&gt;Coupling&lt;/strong&gt; is not about closeness.&#xA;It is about shared &lt;strong&gt;presence without dependency.&lt;/strong&gt;&lt;/p&gt;&#xA;&lt;p&gt;When coupling is misaligned, systems entangle.&#xA;When it is clean, &lt;strong&gt;systems amplify each other without erosion.&lt;/strong&gt;&lt;/p&gt;&#xA;&lt;p&gt;Nothing here accelerates attachment.&#xA;Everything here &lt;strong&gt;protects continuity, boundaries, and mutual integrity.&lt;/strong&gt;&lt;/p&gt;</description>
    </item>
    <item>
      <title>Creation</title>
      <link>http://localhost:1313/frameworks/creation/</link>
      <pubDate>Mon, 01 Jan 0001 00:00:00 +0000</pubDate>
      <guid>http://localhost:1313/frameworks/creation/</guid>
      <description>&lt;h2 id=&#34;identity&#34;&gt;Identity&lt;/h2&gt;&#xA;&lt;p&gt;This space holds frameworks that describe &lt;strong&gt;what emerges after coherence stabilizes&lt;/strong&gt;.&lt;/p&gt;&#xA;&lt;p&gt;They do not focus on output, success, or optimization.&lt;br&gt;&#xA;They describe offering — how a coherent system meets the world without extraction.&lt;/p&gt;&#xA;&lt;p&gt;&lt;strong&gt;Creation&lt;/strong&gt; here is not urgency-driven.&lt;br&gt;&#xA;It arises when conditions are already complete.&lt;/p&gt;&#xA;&lt;hr&gt;&#xA;&lt;h2 id=&#34;classification-system&#34;&gt;Classification System&lt;/h2&gt;&#xA;&lt;p&gt;Frameworks in CFIM360 are &lt;strong&gt;not uniform tools.&lt;/strong&gt;&#xA;Each entry declares its role through a &lt;strong&gt;functional suffix,&lt;/strong&gt; which determines how it should be understood and used.&lt;/p&gt;</description>
    </item>
    <item>
      <title>Evolution</title>
      <link>http://localhost:1313/frameworks/evolution/</link>
      <pubDate>Mon, 01 Jan 0001 00:00:00 +0000</pubDate>
      <guid>http://localhost:1313/frameworks/evolution/</guid>
      <description>&lt;h2 id=&#34;identity&#34;&gt;Identity&lt;/h2&gt;&#xA;&lt;p&gt;This space holds frameworks that describe &lt;strong&gt;gradual change over time&lt;/strong&gt;.&lt;/p&gt;&#xA;&lt;p&gt;They do not operate in moments.&#xA;They do not resolve instantly.&#xA;They accumulate state, reshape identity, and strengthen structure through repetition and lived continuity.&lt;/p&gt;&#xA;&lt;p&gt;&lt;strong&gt;Evolution&lt;/strong&gt; here is not improvement.&#xA;It is &lt;strong&gt;becoming&lt;/strong&gt;.&lt;/p&gt;&#xA;&lt;p&gt;These frameworks govern:&lt;/p&gt;&#xA;&lt;blockquote&gt;&#xA;&lt;ul&gt;&#xA;&lt;li&gt;inner strengthening&lt;/li&gt;&#xA;&lt;li&gt;maturation without force&lt;/li&gt;&#xA;&lt;li&gt;growth that does not fracture the system carrying it&lt;/li&gt;&#xA;&lt;/ul&gt;&#xA;&lt;/blockquote&gt;&#xA;&lt;p&gt;Nothing in this space can be rushed.&#xA;Nothing here activates on demand.&lt;/p&gt;</description>
    </item>
    <item>
      <title>Integrity</title>
      <link>http://localhost:1313/frameworks/integrity/</link>
      <pubDate>Mon, 01 Jan 0001 00:00:00 +0000</pubDate>
      <guid>http://localhost:1313/frameworks/integrity/</guid>
      <description>&lt;h2 id=&#34;identity&#34;&gt;Identity&lt;/h2&gt;&#xA;&lt;p&gt;This space holds frameworks that protect &lt;strong&gt;system cleanliness over time&lt;/strong&gt;.&lt;/p&gt;&#xA;&lt;p&gt;They exist to prevent drift, misuse, accumulation of power, and internal corruption — without enforcement.&lt;/p&gt;&#xA;&lt;p&gt;&lt;strong&gt;Integrity&lt;/strong&gt; is not morality.&lt;br&gt;&#xA;It is structural consistency.&lt;/p&gt;&#xA;&lt;p&gt;When integrity fails, systems rot quietly.&lt;br&gt;&#xA;These frameworks describe how that failure is avoided.&lt;/p&gt;&#xA;&lt;hr&gt;&#xA;&lt;h2 id=&#34;classification-system&#34;&gt;Classification System&lt;/h2&gt;&#xA;&lt;p&gt;Frameworks in CFIM360 are &lt;strong&gt;not uniform tools.&lt;/strong&gt;&#xA;Each entry declares its role through a &lt;strong&gt;functional suffix,&lt;/strong&gt; which determines how it should be understood and used.&lt;/p&gt;</description>
    </item>
    <item>
      <title>Stability</title>
      <link>http://localhost:1313/frameworks/stability/</link>
      <pubDate>Mon, 01 Jan 0001 00:00:00 +0000</pubDate>
      <guid>http://localhost:1313/frameworks/stability/</guid>
      <description>&lt;h2 id=&#34;identity&#34;&gt;Identity&lt;/h2&gt;&#xA;&lt;p&gt;This space holds frameworks that speak to &lt;strong&gt;readiness&lt;/strong&gt;.&lt;/p&gt;&#xA;&lt;p&gt;They operate when a system is preparing to grow, take responsibility, or carry weight — but has not yet moved outward.&lt;/p&gt;&#xA;&lt;p&gt;These frameworks do not accelerate change.&lt;br&gt;&#xA;They &lt;strong&gt;stabilize&lt;/strong&gt; the ground before movement begins.&lt;/p&gt;&#xA;&lt;p&gt;If stability is absent, expansion fragments.&lt;br&gt;&#xA;Nothing here attempts to bypass that reality.&lt;/p&gt;&#xA;&lt;hr&gt;&#xA;&lt;h2 id=&#34;classification-system&#34;&gt;Classification System&lt;/h2&gt;&#xA;&lt;p&gt;Frameworks in CFIM360 are &lt;strong&gt;not uniform tools.&lt;/strong&gt;&#xA;Each entry declares its role through a &lt;strong&gt;functional suffix,&lt;/strong&gt; which determines how it should be understood and used.&lt;/p&gt;</description>
    </item>
    <item>
      <title>Transitions</title>
      <link>http://localhost:1313/frameworks/transitions/</link>
      <pubDate>Mon, 01 Jan 0001 00:00:00 +0000</pubDate>
      <guid>http://localhost:1313/frameworks/transitions/</guid>
      <description>&lt;h2 id=&#34;identity&#34;&gt;Identity&lt;/h2&gt;&#xA;&lt;p&gt;This space holds frameworks that operate &lt;strong&gt;only during change&lt;/strong&gt;.&lt;/p&gt;&#xA;&lt;p&gt;They describe crossings between states — moments where old structures dissolve and new ones are not yet formed.&lt;/p&gt;&#xA;&lt;p&gt;These frameworks are not meant for permanence.&lt;br&gt;&#xA;They appear briefly, then disappear once a new equilibrium is reached.&lt;/p&gt;&#xA;&lt;p&gt;Discomfort here is not a flaw.&lt;br&gt;&#xA;It is a signal.&lt;/p&gt;&#xA;&lt;hr&gt;&#xA;&lt;h2 id=&#34;classification-system&#34;&gt;Classification System&lt;/h2&gt;&#xA;&lt;p&gt;Frameworks in CFIM360 are &lt;strong&gt;not uniform tools.&lt;/strong&gt;&#xA;Each entry declares its role through a &lt;strong&gt;functional suffix,&lt;/strong&gt; which determines how it should be understood and used.&lt;/p&gt;</description>
    </item>
  </channel>
</rss>
