<?xml version="1.0" encoding="utf-8" standalone="yes"?>
<rss version="2.0" xmlns:atom="http://www.w3.org/2005/Atom">
  <channel>
    <title>Articles on CFIM360°</title>
    <link>http://localhost:1313/articles/</link>
    <description>Recent content in Articles on CFIM360°</description>
    <generator>Hugo</generator>
    <language>en-us</language>
    <lastBuildDate></lastBuildDate>
    <atom:link href="http://localhost:1313/articles/index.xml" rel="self" type="application/rss+xml" />
  </channel>
</rss>
